Metric,Value
duration,0:00:26.846232
total_process,66909309.6535909
total_rapl,168292294.0
